"","PUMA","ESRLEVEL","ESR","CLASS","CenTrN","DIS","CDF","Range0","Range1"
"1","100","Total",101805,0,1,0,0,0,0
"2","100","ESR0",16121,1,1,0.158351750896321,0.158351750896321,0,0.158352156318452
"3","100","ESR1",41274,2,1,0.405422130543686,0.563773881440008,0.158352156318452,0.563773887864054
"4","100","ESR2",654,3,1,0.00642404597023722,0.570197927410245,0.563773887864054,0.570197964490939
"5","100","ESR3",3775,4,1,0.0370806934826384,0.607278620892884,0.570197964490939,0.60727862182604
"6","100","ESR4",95,5,1,0.000933156524728648,0.608211777417612,0.60727862182604,0.608211777417612
"7","100","ESR5",0,6,1,0,0.608211777417612,0.608211777417612,0.608212169205835
"8","100","ESR6",39886,7,1,0.391788222582388,1,0.608212169205835,1
"9","200","Total",150434,0,2,0,0,0,0
"10","200","ESR0",29737,1,2,0.197674727787601,0.197674727787601,0,0.197675164251433
"11","200","ESR1",65659,2,2,0.436463831314729,0.634138559102331,0.197675164251433,0.634138565297738
"12","200","ESR2",932,3,2,0.00619540795298935,0.64033396705532,0.634138565297738,0.640333995439861
"13","200","ESR3",4270,4,2,0.0283845407288246,0.668718507784144,0.640333995439861,0.668718509446003
"14","200","ESR4",250,5,2,0.00166185835648856,0.670380366140633,0.668718509446003,0.670380366140633
"15","200","ESR5",0,6,2,0,0.670380366140633,0.670380366140633,0.670380695760267
"16","200","ESR6",49586,7,2,0.329619633859367,1,0.670380695760267,1
"17","301","Total",124871,0,3,0,0,0,0
"18","301","ESR0",26434,1,3,0.211690464559425,0.211690464559425,0,0.211690984744256
"19","301","ESR1",64956,2,3,0.520184830745329,0.731875295304754,0.211690984744256,0.731875305539317
"20","301","ESR2",1278,3,3,0.0102345620680542,0.742109857372809,0.731875305539317,0.742109881405611
"21","301","ESR3",3001,4,3,0.0240328018515108,0.766142659224319,0.742109881405611,0.766142662067253
"22","301","ESR4",355,5,3,0.00284293390779284,0.768985593132112,0.766142662067253,0.768985593132112
"23","301","ESR5",0,6,3,0,0.768985593132112,0.768985593132112,0.768985824146519
"24","301","ESR6",28847,7,3,0.231014406867888,1,0.768985824146519,1
"25","302","Total",122820,0,4,0,0,0,0
"26","302","ESR0",24878,1,4,0.202556586875102,0.202556586875102,0,0.202557128317864
"27","302","ESR1",66500,2,4,0.541442761765185,0.743999348640286,0.202557128317864,0.743999356212343
"28","302","ESR2",930,3,4,0.00757205666829507,0.751571405308582,0.743999356212343,0.751571423424524
"29","302","ESR3",2225,4,4,0.0181159420289855,0.769687347337567,0.751571423424524,0.769687353818596
"30","302","ESR4",796,5,4,0.00648102914834717,0.776168376485914,0.769687353818596,0.776168376485914
"31","302","ESR5",0,6,4,0,0.776168376485914,0.776168376485914,0.776168600317538
"32","302","ESR6",27491,7,4,0.223831623514086,1,0.776168600317538,1
"33","400","Total",167748,0,5,0,0,0,0
"34","400","ESR0",31746,1,5,0.189248157951213,0.189248157951213,0,0.189248666583208
"35","400","ESR1",85322,2,5,0.508631995612466,0.697880153563679,0.189248666583208,0.697880166696473
"36","400","ESR2",2203,3,5,0.0131327944297398,0.711012947993419,0.697880166696473,0.711012967892315
"37","400","ESR3",3338,4,5,0.0198988959629921,0.730911843956411,0.711012967892315,0.730911843956411
"38","400","ESR4",0,5,5,0,0.730911843956411,0.730911843956411,0.730911843956411
"39","400","ESR5",0,6,5,0,0.730911843956411,0.730911843956411,0.730912113044567
"40","400","ESR6",45139,7,5,0.269088156043589,1,0.730912113044567,1
"41","501","Total",120442,0,6,0,0,0,0
"42","501","ESR0",20670,1,6,0.171617874163498,0.171617874163498,0,0.171618390179505
"43","501","ESR1",62150,2,6,0.516016007704953,0.687633881868451,0.171618390179505,0.687633886841799
"44","501","ESR2",599,3,6,0.00497334816758274,0.692607230036034,0.687633886841799,0.692607252619518
"45","501","ESR3",2720,4,6,0.0225834841666528,0.715190714202687,0.692607252619518,0.715190714476678
"46","501","ESR4",33,5,6,0.000273990800551303,0.715464705003238,0.715190714476678,0.715464705003238
"47","501","ESR5",0,6,6,0,0.715464705003238,0.715464705003238,0.715464989538533
"48","501","ESR6",34270,7,6,0.284535294996762,1,0.715464989538533,1
"49","502","Total",131725,0,7,0,0,0,0
"50","502","ESR0",27048,1,7,0.205336876067565,0.205336876067565,0,0.205337395612071
"51","502","ESR1",68437,2,7,0.519544505598785,0.72488138166635,0.205337395612071,0.724881394222813
"52","502","ESR2",1654,3,7,0.0125564623268172,0.737437843993168,0.724881394222813,0.737437872453976
"53","502","ESR3",3749,4,7,0.0284608085025622,0.76589865249573,0.737437872453976,0.765898654112735
"54","502","ESR4",213,5,7,0.00161700512431201,0.767515657620042,0.765898654112735,0.767515657620042
"55","502","ESR5",0,6,7,0,0.767515657620042,0.767515657620042,0.767515890104384
"56","502","ESR6",30624,7,7,0.232484342379958,1,0.767515890104384,1
"57","503","Total",118265,0,8,0,0,0,0
"58","503","ESR0",24167,1,8,0.204346171732973,0.204346171732973,0,0.204346670637974
"59","503","ESR1",59003,2,8,0.498905001479728,0.7032511732127,0.204346670637974,0.703251182023422
"60","503","ESR2",1042,3,8,0.00881072168435294,0.712061894897053,0.703251182023422,0.71206191862343
"61","503","ESR3",2806,4,8,0.0237263772037374,0.735788272100791,0.71206191862343,0.735788272354458
"62","503","ESR4",30,5,8,0.000253667610873885,0.736041939711664,0.735788272354458,0.736041939711664
"63","503","ESR5",0,6,8,0,0.736041939711664,0.736041939711664,0.736042203669725
"64","503","ESR6",31217,7,8,0.263958060288336,1,0.736042203669725,1
"65","504","Total",120879,0,9,0,0,0,0
"66","504","ESR0",20428,1,9,0.168995441722714,0.168995441722714,0,0.168995925851471
"67","504","ESR1",58521,2,9,0.48412875685603,0.653124198578744,0.168995925851471,0.653124220236766
"68","504","ESR2",2618,3,9,0.0216580216580217,0.674782220236766,0.653124220236766,0.674782240281604
"69","504","ESR3",2423,4,9,0.0200448382266564,0.694827058463422,0.674782240281604,0.694827063633882
"70","504","ESR4",625,5,9,0.00517045971591426,0.699997518179336,0.694827063633882,0.699997518179336
"71","504","ESR5",0,6,9,0,0.699997518179336,0.699997518179336,0.699997818181818
"72","504","ESR6",36264,7,9,0.300002481820664,1,0.699997818181818,1
"73","505","Total",111661,0,10,0,0,0,0
"74","505","ESR0",21403,1,10,0.191678383679172,0.191678383679172,0,0.191678942414988
"75","505","ESR1",62389,2,10,0.558735816444417,0.750414200123589,0.191678942414988,0.750414211425655
"76","505","ESR2",1262,3,10,0.0113020660749949,0.761716266198583,0.750414211425655,0.761716286044366
"77","505","ESR3",2216,4,10,0.0198457832188499,0.781562049417433,0.761716286044366,0.781562049417433
"78","505","ESR4",0,5,10,0,0.781562049417433,0.781562049417433,0.781562049417433
"79","505","ESR5",0,6,10,0,0.781562049417433,0.781562049417433,0.781562267855384
"80","505","ESR6",24391,7,10,0.218437950582567,1,0.781562267855384,1
"81","506","Total",118737,0,11,0,0,0,0
"82","506","ESR0",27293,1,11,0.229860953199087,0.229860953199087,0,0.229861371299595
"83","506","ESR1",49644,2,11,0.418100507845069,0.647961461044156,0.229861371299595,0.647961488592435
"84","506","ESR2",3271,3,11,0.0275482789694872,0.675509740013644,0.647961488592435,0.675509772547732
"85","506","ESR3",3863,4,11,0.0325340879422589,0.708043827955902,0.675509772547732,0.708043829278152
"86","506","ESR4",157,5,11,0.00132225001473846,0.709366077970641,0.708043829278152,0.709366077970641
"87","506","ESR5",0,6,11,0,0.709366077970641,0.709366077970641,0.709366368604563
"88","506","ESR6",34509,7,11,0.290633922029359,1,0.709366368604563,1
"89","507","Total",107989,0,12,0,0,0,0
"90","507","ESR0",19609,1,12,0.181583309411144,0.181583309411144,0,0.181583844882349
"91","507","ESR1",57825,2,12,0.53547120540055,0.717054514811694,0.181583844882349,0.717054520978989
"92","507","ESR2",666,3,12,0.0061672948170647,0.723221809628758,0.717054520978989,0.723221837464927
"93","507","ESR3",3006,4,12,0.0278361684986434,0.751057978127402,0.723221837464927,0.751057979386789
"94","507","ESR4",136,5,12,0.00125938753021141,0.752317365657613,0.751057979386789,0.752317365657613
"95","507","ESR5",0,6,12,0,0.752317365657613,0.752317365657613,0.752317613340247
"96","507","ESR6",26747,7,12,0.247682634342387,1,0.752317613340247,1
"97","601","Total",137608,0,13,0,0,0,0
"98","601","ESR0",26665,1,13,0.19377507121679,0.19377507121679,0,0.193775569763386
"99","601","ESR1",68604,2,13,0.498546596128132,0.692321667344922,0.193775569763386,0.692321674117784
"100","601","ESR2",932,3,13,0.00677286204290448,0.699094529387826,0.692321674117784,0.699094564131446
"101","601","ESR3",4781,4,13,0.0347436195570025,0.733838148944829,0.699094564131446,0.733838150085751
"102","601","ESR4",157,5,13,0.00114092203941631,0.734979070984245,0.733838150085751,0.734979070984245
"103","601","ESR5",0,6,13,0,0.734979070984245,0.734979070984245,0.734979336005174
"104","601","ESR6",36469,7,13,0.265020929015755,1,0.734979336005174,1
"105","602","Total",112822,0,14,0,0,0,0
"106","602","ESR0",22063,1,14,0.195555831309496,0.195555831309496,0,0.195556341325274
"107","602","ESR1",57541,2,14,0.510015777064757,0.705571608374253,0.195556341325274,0.705571616112106
"108","602","ESR2",873,3,14,0.00773785254648916,0.713309460920742,0.705571616112106,0.713309483389764
"109","602","ESR3",2535,4,14,0.0224690219992555,0.735778482919998,0.713309483389764,0.735778495160518
"110","602","ESR4",1381,5,14,0.0122405204658666,0.748019003385864,0.735778495160518,0.748019003385864
"111","602","ESR5",0,6,14,0,0.748019003385864,0.748019003385864,0.748019255366861
"112","602","ESR6",28429,7,14,0.251980996614136,1,0.748019255366861,1
"113","700","Total",102477,0,15,0,0,0,0
"114","700","ESR0",22337,1,15,0.217970861754345,0.217970861754345,0,0.217971371654127
"115","700","ESR1",52253,2,15,0.509899782390195,0.72787064414454,0.217971371654127,0.727870650028787
"116","700","ESR2",603,3,15,0.00588424719693199,0.733754891341472,0.727870650028787,0.733754919308723
"117","700","ESR3",2866,4,15,0.0279672511880715,0.761722142529543,0.733754919308723,0.761722143885945
"118","700","ESR4",139,5,15,0.00135640192433424,0.763078544453877,0.761722143885945,0.763078544453877
"119","700","ESR5",0,6,15,0,0.763078544453877,0.763078544453877,0.763078781375333
"120","700","ESR6",24279,7,15,0.236921455546123,1,0.763078781375333,1
"121","801","Total",139559,0,16,0,0,0,0
"122","801","ESR0",26971,1,16,0.193258765110097,0.193258765110097,0,0.193259162203799
"123","801","ESR1",55418,2,16,0.397093702305118,0.590352467415215,0.193259162203799,0.590352475784435
"124","801","ESR2",1168,3,16,0.00836922018644444,0.598721687601659,0.590352475784435,0.598721740675986
"125","801","ESR3",7407,4,16,0.0530743269871524,0.651796014588812,0.598721740675986,0.651796014588812
"126","801","ESR4",0,5,16,0,0.651796014588812,0.651796014588812,0.651796014588812
"127","801","ESR5",0,6,16,0,0.651796014588812,0.651796014588812,0.651796362792797
"128","801","ESR6",48595,7,16,0.348203985411188,1,0.651796362792797,1
"129","802","Total",109746,0,17,0,0,0,0
"130","802","ESR0",18934,1,17,0.17252565013759,0.17252565013759,0,0.172526098044576
"131","802","ESR1",49156,2,17,0.447906985220418,0.620432635358009,0.172526098044576,0.620432641763709
"132","802","ESR2",703,3,17,0.00640570043555118,0.62683833579356,0.620432641763709,0.62683836879704
"133","802","ESR3",3622,4,17,0.0330034807646748,0.659841816558234,0.62683836879704,0.659841817159623
"134","802","ESR4",66,5,17,0.000601388661090154,0.660443205219325,0.659841817159623,0.660443205219325
"135","802","ESR5",0,6,17,0,0.660443205219325,0.660443205219325,0.660443544776119
"136","802","ESR6",37265,7,17,0.339556794780675,1,0.660443544776119,1
"137","803","Total",111485,0,18,0,0,0,0
"138","803","ESR0",20409,1,18,0.18306498632103,0.18306498632103,0,0.183065457254339
"139","803","ESR1",52502,2,18,0.470933309413822,0.653998295734852,0.183065457254339,0.653998308014531
"140","803","ESR2",1369,3,18,0.0122796788805669,0.666277974615419,0.653998308014531,0.666278016926044
"141","803","ESR3",4717,4,18,0.0423106247477239,0.708588599363143,0.666278016926044,0.708588609391398
"142","803","ESR4",1118,5,18,0.0100282549221868,0.71861685428533,0.708588609391398,0.71861685428533
"143","803","ESR5",0,6,18,0,0.71861685428533,0.71861685428533,0.718617135668476
"144","803","ESR6",31370,7,18,0.28138314571467,1,0.718617135668476,1
"145","804","Total",135468,0,19,0,0,0,0
"146","804","ESR0",24206,1,19,0.178684264918652,0.178684264918652,0,0.178684762453126
"147","804","ESR1",67400,2,19,0.497534473085895,0.676218738004547,0.178684762453126,0.676218742928219
"148","804","ESR2",667,3,19,0.00492367201110225,0.68114241001565,0.676218742928219,0.681142446636844
"149","804","ESR3",4961,4,19,0.0366211946732808,0.71776360468893,0.681142446636844,0.71776360468893
"150","804","ESR4",0,5,19,0,0.71776360468893,0.71776360468893,0.71776360468893
"151","804","ESR5",0,6,19,0,0.71776360468893,0.71776360468893,0.717763886925326
"152","804","ESR6",38234,7,19,0.28223639531107,1,0.717763886925326,1
"153","805","Total",118525,0,20,0,0,0,0
"154","805","ESR0",25498,1,20,0.215127610208817,0.215127610208817,0,0.215128062037545
"155","805","ESR1",53553,2,20,0.451828728116431,0.666956338325248,0.215128062037545,0.666956344248049
"156","805","ESR2",702,3,20,0.00592280109681502,0.672879139422063,0.666956344248049,0.672879199983126
"157","805","ESR3",7178,4,20,0.0605610630668635,0.733440202488926,0.672879199983126,0.733440203408564
"158","805","ESR4",109,5,20,0.000919637207340224,0.734359839696267,0.733440203408564,0.734359839696267
"159","805","ESR5",0,6,20,0,0.734359839696267,0.734359839696267,0.734360105336427
"160","805","ESR6",31485,7,20,0.265640160303733,1,0.734360105336427,1
"161","901","Total",136128,0,21,0,0,0,0
"162","901","ESR0",26831,1,21,0.197101257639868,0.197101257639868,0,0.197101804206335
"163","901","ESR1",74403,2,21,0.546566466854725,0.743667724494593,0.197101804206335,0.743667730070228
"164","901","ESR2",759,3,21,0.00557563469675599,0.749243359191349,0.743667730070228,0.749243380987012
"165","901","ESR3",2967,4,21,0.0217956629055007,0.77103902209685,0.749243380987012,0.771039025145451
"166","901","ESR4",415,5,21,0.00304860131640809,0.774087623413258,0.771039025145451,0.774087623413258
"167","901","ESR5",0,6,21,0,0.774087623413258,0.774087623413258,0.774087849325635
"168","901","ESR6",30753,7,21,0.225912376586742,1,0.774087849325635,1
"169","902","Total",181110,0,22,0,0,0,0
"170","902","ESR0",42909,1,22,0.236922312406825,0.236922312406824,0,0.236922844956104
"171","902","ESR1",96450,2,22,0.532549279443432,0.769471591850257,0.236922844956104,0.769471598487107
"172","902","ESR2",1202,3,22,0.00663685053282535,0.776108442383082,0.769471598487107,0.776108458853735
"173","902","ESR3",2983,4,22,0.0164706531941914,0.792579095577274,0.776108458853735,0.792579100552151
"174","902","ESR4",901,5,22,0.00497487714648556,0.797553972723759,0.792579100552151,0.797553972723759
"175","902","ESR5",0,6,22,0,0.797553972723759,0.797553972723759,0.797554175169786
"176","902","ESR6",36665,7,22,0.202446027276241,1,0.797554175169786,1
"177","1001","Total",143781,0,23,0,0,0,0
"178","1001","ESR0",31682,1,23,0.220349002997614,0.220349002997615,0,0.220349537894437
"179","1001","ESR1",76908,2,23,0.534896822250506,0.75524582524812,0.220349537894437,0.755245829254213
"180","1001","ESR2",576,3,23,0.00400609259916122,0.759251917847282,0.755245829254213,0.759251934574109
"181","1001","ESR3",2405,4,23,0.0167268276058728,0.775978745453154,0.759251934574109,0.775978746788519
"182","1001","ESR4",192,5,23,0.00133536419972041,0.777314109652875,0.775978746788519,0.777314109652875
"183","1001","ESR5",0,6,23,0,0.777314109652875,0.777314109652875,0.777314332338765
"184","1001","ESR6",32018,7,23,0.222685890347125,1,0.777314332338765,1
"185","1002","Total",132099,0,24,0,0,0,0
"186","1002","ESR0",31261,1,24,0.236648271372228,0.236648271372228,0,0.236648818991817
"187","1002","ESR1",72340,2,24,0.547619588339049,0.784267859711277,0.236648818991817,0.784267865426687
"188","1002","ESR2",755,3,24,0.00571541041188805,0.789983270123165,0.784267865426687,0.789983289994625
"189","1002","ESR3",2625,4,24,0.0198714600413326,0.809854730164498,0.789983289994625,0.809854731655804
"190","1002","ESR4",197,5,24,0.00149130576310192,0.8113460359276,0.809854731655804,0.8113460359276
"191","1002","ESR5",0,6,24,0,0.8113460359276,0.8113460359276,0.811346224581564
"192","1002","ESR6",24921,7,24,0.1886539640724,1,0.811346224581564,1
"193","1003","Total",188985,0,25,0,0,0,0
"194","1003","ESR0",39369,1,25,0.208318120485753,0.208318120485753,0,0.208318653533349
"195","1003","ESR1",100738,2,25,0.533047596370082,0.741365716855835,0.208318653533349,0.741365724628939
"196","1003","ESR2",1469,3,25,0.00777310368547768,0.749138820541313,0.741365724628939,0.749138848744609
"197","1003","ESR3",5330,4,25,0.0282032965579279,0.777342117099241,0.749138848744609,0.777342121279467
"198","1003","ESR4",790,5,25,0.00418022594385798,0.781522343043099,0.777342121279467,0.781522343043099
"199","1003","ESR5",0,6,25,0,0.781522343043099,0.781522343043099,0.781522561520756
"200","1003","ESR6",41289,7,25,0.218477656956901,1,0.781522561520756,1
"201","1004","Total",187001,0,26,0,0,0,0
"202","1004","ESR0",36242,1,26,0.193806450232886,0.193806450232886,0,0.193806953010946
"203","1004","ESR1",94020,2,26,0.502778060010374,0.696584510243261,0.193806953010946,0.696584516473174
"204","1004","ESR2",1165,3,26,0.00622991320902027,0.702814423452281,0.696584516473174,0.702814442521698
"205","1004","ESR3",3566,4,26,0.0190694167410869,0.721883840193368,0.702814442521698,0.721883850182619
"206","1004","ESR4",1868,5,26,0.00998925139437757,0.731873091587746,0.721883850182619,0.731873091587746
"207","1004","ESR5",0,6,26,0,0.731873091587746,0.731873091587746,0.731873359714654
"208","1004","ESR6",50140,7,26,0.268126908412255,1,0.731873359714654,1
"209","1005","Total",146593,0,27,0,0,0,0
"210","1005","ESR0",29966,1,27,0.204416309100707,0.204416309100707,0,0.204416805161229
"211","1005","ESR1",72719,2,27,0.496060521307293,0.700476830408,0.204416805161229,0.700476845388252
"212","1005","ESR2",2196,3,27,0.0149802514444755,0.715457081852476,0.700476845388252,0.715457119992087
"213","1005","ESR3",5591,4,27,0.0381396110319047,0.753596692884381,0.715457119992087,0.753596697748187
"214","1005","ESR4",713,5,27,0.00486380659376641,0.758460499478147,0.753596697748187,0.758460499478147
"215","1005","ESR5",0,6,27,0,0.758460499478147,0.758460499478147,0.758460741017647
"216","1005","ESR6",35408,7,27,0.241539500521853,1,0.758460741017647,1
"217","1006","Total",125612,0,28,0,0,0,0
"218","1006","ESR0",25274,1,28,0.201206891061364,0.201206891061364,0,0.201207403520364
"219","1006","ESR1",64371,2,28,0.512459000732414,0.713665891793778,0.201207403520364,0.713665897000287
"220","1006","ESR2",654,3,28,0.00520650893226762,0.718872400726045,0.713665897000287,0.718872429377766
"221","1006","ESR3",3599,4,28,0.0286517211731363,0.747524121899182,0.718872429377766,0.747524122480336
"222","1006","ESR4",73,5,28,0.000581154666751584,0.748105276565933,0.747524122480336,0.748105276565933
"223","1006","ESR5",0,6,28,0,0.748105276565933,0.748105276565933,0.748105528460657
"224","1006","ESR6",31641,7,28,0.251894723434067,1,0.748105528460657,1
"225","1007","Total",121028,0,29,0,0,0,0
"226","1007","ESR0",24873,1,29,0.205514426413722,0.205514426413723,0,0.205515003908187
"227","1007","ESR1",69893,2,29,0.577494464090954,0.783008890504677,0.205515003908187,0.783008905112866
"228","1007","ESR2",1768,3,29,0.0146081898403675,0.797617080345044,0.783008905112866,0.797617101133622
"229","1007","ESR3",2516,4,29,0.0207885778497538,0.818405658194798,0.797617101133622,0.818405661218891
"230","1007","ESR4",366,5,29,0.00302409359817563,0.821429751792974,0.818405661218891,0.821429751792974
"231","1007","ESR5",0,6,29,0,0.821429751792974,0.821429751792974,0.821429930363222
"232","1007","ESR6",21612,7,29,0.178570248207026,1,0.821429930363222,1
"233","1101","Total",129150,0,30,0,0,0,0
"234","1101","ESR0",27069,1,30,0.209593495934959,0.209593495934959,0,0.209593998521099
"235","1101","ESR1",64909,2,30,0.502586140147116,0.712179636082075,0.209593998521099,0.712179642485482
"236","1101","ESR2",827,3,30,0.00640340689121177,0.718583042973287,0.712179642485482,0.718583070654278
"237","1101","ESR3",3575,4,30,0.0276809910956252,0.746264034068912,0.718583070654278,0.746264035300039
"238","1101","ESR4",159,5,30,0.00123112659698026,0.747495160665892,0.746264035300039,0.747495160665892
"239","1101","ESR5",0,6,30,0,0.747495160665892,0.747495160665892,0.747495413170732
"240","1101","ESR6",32611,7,30,0.252504839334108,1,0.747495413170732,1
"241","1102","Total",132968,0,31,0,0,0,0
"242","1102","ESR0",25626,1,31,0.192723061187654,0.192723061187654,0,0.192723604092714
"243","1102","ESR1",72189,2,31,0.542905059864027,0.735628121051682,0.192723604092714,0.735628131595572
"244","1102","ESR2",1402,3,31,0.0105438902593105,0.746172011310992,0.735628131595572,0.746172054373985
"245","1102","ESR3",5726,4,31,0.0430629925997232,0.789235003910715,0.746172054373985,0.789235006189459
"246","1102","ESR4",303,5,31,0.00227874375789664,0.791513747668612,0.789235006189459,0.791513747668612
"247","1102","ESR5",0,6,31,0,0.791513747668612,0.791513747668612,0.791513956154864
"248","1102","ESR6",27722,7,31,0.208486252331388,1,0.791513956154864,1
"249","1103","Total",111741,0,32,0,0,0,0
"250","1103","ESR0",24278,1,32,0.217270294699349,0.217270294699349,0,0.217270836398457
"251","1103","ESR1",60530,2,32,0.541699107758119,0.758969402457469,0.217270836398457,0.758969411066663
"252","1103","ESR2",962,3,32,0.00860919447651265,0.767578596933981,0.758969411066663,0.767578632185142
"253","1103","ESR3",3939,4,32,0.0352511611673423,0.802829758101324,0.767578632185142,0.802829758101324
"254","1103","ESR4",0,5,32,0,0.802829758101324,0.802829758101324,0.802829758101324
"255","1103","ESR5",0,6,32,0,0.802829758101324,0.802829758101324,0.802829955271565
"256","1103","ESR6",22032,7,32,0.197170241898676,1,0.802829955271565,1
"257","1104","Total",111690,0,33,0,0,0,0
"258","1104","ESR0",23654,1,33,0.211782612588414,0.211782612588414,0,0.211783116268242
"259","1104","ESR1",56256,2,33,0.503679828095622,0.715462440684036,0.211783116268242,0.715462462467544
"260","1104","ESR2",2433,3,33,0.0217835079237174,0.737245948607754,0.715462462467544,0.737245983928731
"261","1104","ESR3",3945,4,33,0.035320977706151,0.772566926313905,0.737245983928731,0.772566926313905
"262","1104","ESR4",0,5,33,0,0.772566926313905,0.772566926313905,0.772566926313905
"263","1104","ESR5",0,6,33,0,0.772566926313905,0.772566926313905,0.772567153746978
"264","1104","ESR6",25402,7,33,0.227433073686095,1,0.772567153746978,1
"265","1105","Total",174770,0,34,0,0,0,0
"266","1105","ESR0",32868,1,34,0.188064313097213,0.188064313097213,0,0.188064869846083
"267","1105","ESR1",97303,2,34,0.556748869943354,0.744813183040568,0.188064869846083,0.744813192910683
"268","1105","ESR2",1725,3,34,0.00987011500829662,0.754683298048864,0.744813192910683,0.754683325845397
"269","1105","ESR3",4858,4,34,0.027796532585684,0.782479830634548,0.754683325845397,0.782479832894661
"270","1105","ESR4",395,5,34,0.00226011329175488,0.784739943926303,0.782479832894661,0.784739943926303
"271","1105","ESR5",0,6,34,0,0.784739943926303,0.784739943926303,0.784740159186359
"272","1105","ESR6",37621,7,34,0.215260056073697,1,0.784740159186359,1
"273","1106","Total",128701,0,35,0,0,0,0
"274","1106","ESR0",23752,1,35,0.184551790584378,0.184551790584378,0,0.184552287355965
"275","1106","ESR1",63935,2,35,0.496771586856357,0.681323377440735,0.184552287355965,0.681323385257302
"276","1106","ESR2",1006,3,35,0.00781656708184086,0.689139944522576,0.681323385257302,0.68913998371419
"277","1106","ESR3",5044,4,35,0.0391916146727687,0.728331559195344,0.68913998371419,0.728331571992448
"278","1106","ESR4",1647,5,35,0.0127971033636102,0.741128662558954,0.728331571992448,0.741128662558954
"279","1106","ESR5",0,6,35,0,0.741128662558954,0.741128662558954,0.741128921430292
"280","1106","ESR6",33317,7,35,0.258871337441046,1,0.741128921430292,1
"281","1107","Total",118583,0,36,0,0,0,0
"282","1107","ESR0",23549,1,36,0.198586643954024,0.198586643954024,0,0.198587158302624
"283","1107","ESR1",60993,2,36,0.514348599714968,0.712935243668991,0.198587158302624,0.712935255272678
"284","1107","ESR2",1376,3,36,0.0116036868691128,0.724538930538104,0.712935255272678,0.724538976404712
"285","1107","ESR3",5439,4,36,0.045866608198477,0.770405538736581,0.724538976404712,0.770405540777346
"286","1107","ESR4",242,5,36,0.00204076469645733,0.772446303433038,0.770405540777346,0.772446303433038
"287","1107","ESR5",0,6,36,0,0.772446303433038,0.772446303433038,0.772446530986735
"288","1107","ESR6",26984,7,36,0.227553696566962,1,0.772446530986735,1
"289","1201","Total",170756,0,37,0,0,0,0
"290","1201","ESR0",36713,1,37,0.21500269390241,0.21500269390241,0,0.215003168960388
"291","1201","ESR1",81119,2,37,0.475057977464921,0.690060671367331,0.215003168960388,0.690060673411183
"292","1201","ESR2",349,3,37,0.00204385204619457,0.692104523413526,0.690060673411183,0.692104542844761
"293","1201","ESR3",3318,4,37,0.0194312352128183,0.711535758626344,0.692104542844761,0.711535789694066
"294","1201","ESR4",5305,5,37,0.0310677223640751,0.742603480990419,0.711535789694066,0.742603480990419
"295","1201","ESR5",0,6,37,0,0.742603480990419,0.742603480990419,0.742603738386938
"296","1201","ESR6",43952,7,37,0.257396519009581,1,0.742603738386938,1
"297","1202","Total",120423,0,38,0,0,0,0
"298","1202","ESR0",24236,1,38,0.201257234913596,0.201257234913596,0,0.201257746086711
"299","1202","ESR1",61557,2,38,0.511173114770434,0.712430349684031,0.201257746086711,0.712430353022263
"300","1202","ESR2",402,3,38,0.00333823272962806,0.715768582413659,0.712430353022263,0.715768611569219
"301","1202","ESR3",3511,4,38,0.0291555599843884,0.744924142398047,0.715768611569219,0.744924145404117
"302","1202","ESR4",362,5,38,0.00300607026896855,0.747930212667016,0.744924145404117,0.747930212667016
"303","1202","ESR5",0,6,38,0,0.747930212667016,0.747930212667016,0.747930464736803
"304","1202","ESR6",30355,7,38,0.252069787332985,1,0.747930464736803,1
"305","1203","Total",135177,0,39,0,0,0,0
"306","1203","ESR0",29654,1,39,0.219371638666341,0.219371638666341,0,0.219372175702967
"307","1203","ESR1",72595,2,39,0.537036626053249,0.75640826471959,0.219372175702967,0.756408276333992
"308","1203","ESR2",1570,3,39,0.0116144018583043,0.768022666577894,0.756408276333992,0.768022696671771
"309","1203","ESR3",4068,4,39,0.0300938769169311,0.798116543494825,0.768022696671771,0.79811655077417
"310","1203","ESR4",984,5,39,0.00727934485896269,0.805395888353788,0.79811655077417,0.805395888353788
"311","1203","ESR5",0,6,39,0,0.805395888353788,0.805395888353788,0.8053960829579
"312","1203","ESR6",26306,7,39,0.194604111646212,1,0.8053960829579,1
"313","1204","Total",142163,0,40,0,0,0,0
"314","1204","ESR0",23251,1,40,0.16355169769912,0.16355169769912,0,0.163552211130885
"315","1204","ESR1",72991,2,40,0.513431764945872,0.676983462644992,0.163552211130885,0.676983472570219
"316","1204","ESR2",1411,3,40,0.00992522667642073,0.686908689321413,0.676983472570219,0.686908717816872
"317","1204","ESR3",4051,4,40,0.0284954594374064,0.715404148758819,0.686908717816872,0.715404174391367
"318","1204","ESR4",3644,5,40,0.0256325485534211,0.74103669731224,0.715404174391367,0.74103669731224
"319","1204","ESR5",0,6,40,0,0.74103669731224,0.74103669731224,0.741036956275543
"320","1204","ESR6",36815,7,40,0.25896330268776,1,0.741036956275543,1
"321","1300","Total",170633,0,41,0,0,0,0
"322","1300","ESR0",30410,1,41,0.178218750183142,0.178218750183142,0,0.17821922533742
"323","1300","ESR1",81077,2,41,0.475154278480716,0.653373028663857,0.17821922533742,0.653373042711551
"324","1300","ESR2",2397,3,41,0.0140476930019398,0.667420721665797,0.653373042711551,0.667420746649241
"325","1300","ESR3",4263,4,41,0.0249834439996953,0.692404165665493,0.667420746649241,0.692404166251546
"326","1300","ESR4",100,5,41,0.000586053108132659,0.692990218773625,0.692404166251546,0.692990218773625
"327","1300","ESR5",0,6,41,0,0.692990218773625,0.692990218773625,0.692990525783406
"328","1300","ESR6",52386,7,41,0.307009781226375,1,0.692990525783406,1
"329","1400","Total",180359,0,42,0,0,0,0
"330","1400","ESR0",31524,1,42,0.174784734889859,0.174784734889859,0,0.174785201564657
"331","1400","ESR1",84169,2,42,0.466674798596133,0.641459533485992,0.174785201564657,0.64145954349381
"332","1400","ESR2",1805,3,42,0.0100078177412827,0.651467351227274,0.64145954349381,0.651467383989709
"333","1400","ESR3",5909,4,42,0.0327624349214622,0.684229786148737,0.651467383989709,0.684229786603386
"334","1400","ESR4",82,5,42,0.000454648783814503,0.684684434932551,0.684229786603386,0.684684434932551
"335","1400","ESR5",0,6,42,0,0.684684434932551,0.684684434932551,0.684684750248116
"336","1400","ESR6",56870,7,42,0.315315565067449,1,0.684684750248116,1
"337","1500","Total",203769,0,43,0,0,0,0
"338","1500","ESR0",43025,1,43,0.21114595448768,0.21114595448768,0,0.211146440945384
"339","1500","ESR1",99125,2,43,0.486457704557612,0.697603659045291,0.211146440945384,0.697603665508492
"340","1500","ESR2",1317,3,43,0.00646320097757755,0.704066860022869,0.697603665508492,0.704066883843961
"341","1500","ESR3",4854,4,43,0.023821091530115,0.727887951552984,0.704066883843961,0.727887960808563
"342","1500","ESR4",1886,5,43,0.00925557862088934,0.737143530173873,0.727887960808563,0.737143530173873
"343","1500","ESR5",0,6,43,0,0.737143530173873,0.737143530173873,0.737143793030343
"344","1500","ESR6",53562,7,43,0.262856469826127,1,0.737143793030343,1
"345","1600","Total",158161,0,44,0,0,0,0
"346","1600","ESR0",32978,1,44,0.208509050903826,0.208509050903826,0,0.208509534619786
"347","1600","ESR1",76505,2,44,0.483715960318916,0.692225011222741,0.208509534619786,0.692225021522373
"348","1600","ESR2",1629,3,44,0.0102996313882689,0.70252464261101,0.692225021522373,0.702524666928004
"349","1600","ESR3",3846,4,44,0.02431699344339,0.7268416360544,0.702524666928004,0.726841650741965
"350","1600","ESR4",2323,5,44,0.0146875652025468,0.741529201256947,0.726841650741965,0.741529201256947
"351","1600","ESR5",0,6,44,0,0.741529201256947,0.741529201256947,0.741529459727746
"352","1600","ESR6",40880,7,44,0.258470798743053,1,0.741529459727746,1
