PUMA,GEOID10,POP
100,24001000100,3718
100,24001000200,4564
100,24001000300,2780
100,24001000400,3022
100,24001000500,2734
100,24001000600,2965
100,24001000700,3387
100,24001000800,2213
100,24001001000,2547
100,24001001100,1493
100,24001001200,3164
100,24001001300,5268
100,24001001401,4110
100,24001001402,1589
100,24001001502,2055
100,24001001503,1968
100,24001001600,1766
100,24001001700,4818
100,24001001800,5411
100,24001001900,2623
100,24001002000,5552
100,24001002100,3466
100,24001002200,3874
1204,24003701101,4151
1204,24003701102,7508
1204,24003701200,8298
1204,24003701300,7906
1204,24003701400,3575
1204,24003702100,6722
1201,24003702204,4169
1201,24003702205,5322
1201,24003702206,6372
1201,24003702208,6962
1201,24003702209,4523
1204,24003702300,5423
1204,24003702402,6049
1204,24003702500,6669
1204,24003702601,5629
1204,24003702602,6021
1204,24003702701,4815
1204,24003702702,3857
1204,24003706101,3686
1204,24003706301,4663
1204,24003706302,3224
1204,24003706401,6442
1204,24003706402,3210
1204,24003706500,5222
1204,24003706600,4591
1204,24003706700,4890
1204,24003707001,6082
1204,24003707002,4696
1204,24003708001,3873
1204,24003708004,5485
1202,24003730100,7451
1202,24003730203,5303
1202,24003730204,5723
1202,24003730300,3113
1202,24003730401,4745
1202,24003730402,6136
1203,24003730502,6327
1203,24003730504,7630
1203,24003730505,4599
1203,24003730506,3888
1203,24003730601,6846
1203,24003730603,3107
1203,24003730604,6748
1203,24003730700,6978
1203,24003730800,2456
1203,24003730901,2608
1203,24003730902,4075
1203,24003731002,3234
1203,24003731003,4387
1203,24003731004,4258
1203,24003731102,7750
1203,24003731103,5422
1203,24003731104,4097
1203,24003731105,3572
1203,24003731201,6354
1203,24003731202,7686
1203,24003731203,7295
1203,24003731204,6115
1203,24003731303,6827
1203,24003731306,6293
1203,24003731307,6586
1202,24003731308,3688
1202,24003731309,5524
1202,24003731310,5247
1202,24003731311,8070
1201,24003740102,6497
1201,24003740103,8479
1201,24003740104,7984
1201,24003740105,3533
1201,24003740201,7238
1201,24003740203,5402
1201,24003740303,4211
1201,24003740304,3950
1201,24003740305,10161
1201,24003740400,4716
1201,24003740500,9284
1201,24003740601,3661
1201,24003740602,3959
1201,24003740603,1730
1201,24003740701,5893
1201,24003740702,9644
1201,24003740800,4396
1201,24003740900,6950
1201,24003741000,2366
1202,24003750101,4292
1202,24003750102,2533
1202,24003750201,2741
1202,24003750202,3426
1202,24003750203,1463
1202,24003750300,2655
1202,24003750400,4090
1202,24003750801,5849
1202,24003750803,6884
1202,24003750804,4016
1202,24003750900,3066
1202,24003751000,3893
1202,24003751102,4037
1202,24003751103,5865
1201,24003751200,3891
1201,24003751400,4169
1201,24003751500,6809
1204,24003751600,4950
1201,24003751700,2782
1201,24003980000,18
0,24003990000,0
507,24005400100,4351
507,24005400200,2525
507,24005400400,5961
507,24005400500,2418
507,24005400600,2871
507,24005400701,2789
507,24005400702,1795
507,24005400800,2712
507,24005400900,1944
507,24005401000,2409
507,24005401101,6487
507,24005401102,962
503,24005401200,3270
507,24005401301,3891
507,24005401302,2650
507,24005401400,1495
507,24005401503,6490
507,24005401504,5846
507,24005401505,4039
507,24005401506,4523
507,24005401507,5129
501,24005402201,3441
501,24005402202,1697
502,24005402302,4990
502,24005402303,6426
503,24005402304,3593
503,24005402305,1977
502,24005402306,3798
502,24005402307,5925
503,24005402403,2283
503,24005402404,5072
503,24005402405,3433
502,24005402406,6532
502,24005402407,1371
501,24005402503,4524
501,24005402504,4177
502,24005402505,3239
502,24005402506,4304
502,24005402509,8541
502,24005402602,2045
502,24005402603,6017
502,24005402604,5966
503,24005403100,2462
503,24005403201,3076
503,24005403202,2076
503,24005403300,2443
503,24005403401,3336
503,24005403402,4442
503,24005403500,4958
503,24005403601,4682
503,24005403602,5133
501,24005403701,6819
502,24005403702,5014
501,24005403801,1738
501,24005403802,2863
503,24005403803,3131
502,24005404101,4150
502,24005404102,5311
502,24005404201,5777
502,24005404202,7920
502,24005404402,6477
502,24005404403,4960
502,24005404404,4812
502,24005404501,6676
502,24005404502,3743
501,24005404600,2682
501,24005404800,1953
501,24005404900,4745
501,24005405000,4446
501,24005406000,5789
501,24005407001,3267
501,24005407002,5497
501,24005408100,5924
501,24005408200,1853
501,24005408302,2947
501,24005408303,3494
501,24005408304,4677
503,24005408400,773
503,24005408502,5586
503,24005408503,3377
503,24005408505,3853
503,24005408506,4706
503,24005408507,5966
503,24005408601,3760
503,24005408602,2094
503,24005408702,2445
503,24005408703,5944
503,24005408704,5458
503,24005408800,2304
503,24005408900,2853
501,24005410100,6029
501,24005410200,4664
501,24005411101,2261
501,24005411102,3043
501,24005411201,3205
501,24005411202,3770
501,24005411302,3310
505,24005411303,6040
505,24005411306,5455
505,24005411307,3600
505,24005411308,3546
505,24005411309,7950
504,24005411404,3784
505,24005411406,4393
504,24005411407,11137
505,24005411408,3450
505,24005411409,5282
505,24005411410,4554
506,24005420100,3623
506,24005420200,2444
506,24005420301,2355
506,24005420302,2705
506,24005420303,1333
506,24005420401,6414
506,24005420402,2115
506,24005420500,3575
506,24005420600,4289
506,24005420701,2973
506,24005420702,2071
506,24005420800,3513
506,24005420900,3505
506,24005421000,1851
506,24005421101,3185
506,24005421102,2347
506,24005421200,1839
506,24005421300,3289
507,24005430101,4221
507,24005430104,2798
507,24005430200,2852
507,24005430300,5557
507,24005430400,4407
507,24005430600,2463
507,24005430700,5009
507,24005430800,3530
507,24005430900,5074
504,24005440100,4451
504,24005440200,2486
504,24005440300,2214
505,24005440400,5486
505,24005440500,3164
505,24005440600,2273
505,24005440701,6696
505,24005440702,5178
505,24005440800,2837
505,24005440900,3435
505,24005441000,3721
505,24005441101,2162
505,24005441102,4859
505,24005450100,4047
506,24005450200,3443
506,24005450300,3486
506,24005450400,2369
506,24005450501,4135
506,24005450503,5915
506,24005450504,5733
506,24005450800,3741
506,24005450900,4032
501,24005451000,1662
506,24005451100,2130
505,24005451200,3947
505,24005451300,3667
505,24005451401,3847
505,24005451402,5489
506,24005451500,3910
505,24005451600,1956
505,24005451701,2759
501,24005451702,1862
501,24005451801,5459
501,24005451802,3629
501,24005451803,4750
501,24005451900,2445
506,24005452000,2556
506,24005452100,3505
506,24005452300,3084
506,24005452400,3593
506,24005452500,3657
504,24005490100,4162
503,24005490200,2823
504,24005490301,6984
504,24005490302,3668
503,24005490400,1864
503,24005490500,3520
504,24005490601,2120
504,24005490602,2570
504,24005490603,2253
504,24005490605,5182
504,24005490701,1927
504,24005490703,2497
504,24005490800,3345
504,24005490900,4165
504,24005491000,2241
504,24005491100,3567
504,24005491201,1792
504,24005491202,1770
504,24005491300,3331
504,24005491401,5200
504,24005491402,3110
504,24005491500,3790
504,24005491600,3061
504,24005491701,4180
504,24005491900,1831
504,24005492001,1443
504,24005492002,3945
504,24005492101,3493
504,24005492102,2241
504,24005492200,4803
506,24005492300,3955
502,24005492401,3623
502,24005492402,6380
507,24005492500,3807
504,24005492600,3506
506,24005980000,0
507,24005980100,0
507,24005980200,0
1500,24009860101,3209
1500,24009860102,2903
1500,24009860200,6083
1500,24009860300,3932
1500,24009860401,9732
1500,24009860402,3558
1500,24009860501,5938
1500,24009860502,2936
1500,24009860600,7052
1500,24009860701,2695
1500,24009860702,2974
1500,24009860703,3489
1500,24009860801,6527
1500,24009860802,4863
1500,24009860900,7693
1500,24009861001,1304
1500,24009861003,6615
1500,24009861004,7234
0,24009990100,0
1300,24011955000,3348
1300,24011955100,5619
1300,24011955201,3773
1300,24011955202,2110
1300,24011955301,4111
1300,24011955302,3128
1300,24011955400,2097
1300,24011955500,4044
1300,24011955600,4836
400,24013501001,4112
400,24013501002,5337
400,24013502000,4148
400,24013503000,5505
400,24013504100,5120
400,24013504201,6198
400,24013504202,6169
400,24013505101,4347
400,24013505102,5156
400,24013505203,3723
400,24013505205,3050
400,24013505206,3481
400,24013505207,3683
400,24013505208,5277
400,24013506101,4679
400,24013506102,3880
400,24013506200,5444
400,24013507500,4297
400,24013507601,5027
400,24013507602,4348
400,24013507702,3925
400,24013507703,2875
400,24013507704,6165
400,24013507801,5652
400,24013507802,4411
400,24013508101,4760
400,24013508102,2955
400,24013508200,7133
400,24013509001,4470
400,24013509002,2908
400,24013510000,1422
400,24013511000,3671
400,24013512000,1551
400,24013513001,4701
400,24013513002,5277
400,24013514100,3651
400,24013514201,5139
400,24013514202,3487
700,24015030100,5149
700,24015030200,5240
700,24015030400,4901
700,24015030501,4209
700,24015030503,5751
700,24015030505,3918
700,24015030506,8223
700,24015030601,3818
700,24015030602,4792
700,24015030700,5005
700,24015030903,5076
700,24015030904,6814
700,24015030905,2859
700,24015030906,8572
700,24015031201,6334
700,24015031202,5570
700,24015031301,3477
700,24015031302,7236
700,24015031400,4164
1600,24017850101,5440
1600,24017850102,2583
1600,24017850201,787
1600,24017850202,4749
1600,24017850300,1986
1600,24017850400,3895
1600,24017850500,2793
1600,24017850600,4743
1600,24017850706,4811
1600,24017850708,5282
1600,24017850709,6676
1600,24017850710,4979
1600,24017850711,4900
1600,24017850712,5739
1600,24017850713,6635
1600,24017850801,4714
1600,24017850802,4118
1600,24017850901,5830
1600,24017850902,5678
1600,24017850904,5367
1600,24017850905,4425
1600,24017850906,4873
1600,24017851001,3279
1600,24017851002,9244
1600,24017851100,2741
1600,24017851200,4886
1600,24017851301,4711
1600,24017851302,4046
1600,24017851400,8176
1600,24017851500,8465
1600,24017990000,0
1300,24019970100,2821
1300,24019970200,5745
1300,24019970300,4715
1300,24019970400,3305
1300,24019970500,4001
1300,24019970600,4702
1300,24019970702,3987
1300,24019970804,1891
1300,24019970900,1451
0,24019990000,0
301,24021740200,4735
302,24021750100,1278
302,24021750200,1640
302,24021750300,1734
302,24021750503,6574
302,24021750504,5323
302,24021750505,6824
302,24021750506,3991
302,24021750600,2677
302,24021750701,5491
302,24021750702,3262
302,24021750801,2985
302,24021750802,4019
302,24021750803,6122
302,24021751001,954
302,24021751002,5329
302,24021751003,5326
302,24021751004,4102
302,24021751201,4757
302,24021751202,6152
302,24021751203,2028
302,24021751301,3418
301,24021751302,3060
301,24021751600,3027
302,24021751701,2394
301,24021751702,3567
301,24021751801,4201
301,24021751802,3774
302,24021751901,4272
302,24021751902,5795
301,24021751903,6362
302,24021751904,3146
301,24021752001,5139
301,24021752101,3173
301,24021752102,4397
301,24021752201,2121
301,24021752202,3853
301,24021752204,5855
302,24021752301,4168
301,24021752302,3983
301,24021752303,2640
301,24021752501,4929
301,24021752502,2487
301,24021752601,3971
301,24021752602,2561
301,24021752603,3839
301,24021752801,2214
301,24021752802,3550
301,24021752900,3066
301,24021753001,4564
301,24021753002,2744
302,24021765100,3710
301,24021766800,5131
301,24021767500,2849
301,24021767600,3200
301,24021770700,3608
302,24021772200,1598
301,24021773500,4121
301,24021775302,3900
301,24021775400,3892
302,24021775600,3803
100,24023000100,4003
100,24023000200,3937
100,24023000300,2857
100,24023000400,3337
100,24023000500,4051
100,24023000600,6186
100,24023000700,5726
601,24025301102,3579
602,24025301105,3985
602,24025301106,4215
602,24025301107,3174
602,24025301108,3435
601,24025301201,1956
601,24025301202,6685
602,24025301204,4299
602,24025301205,4202
602,24025301301,4592
602,24025301302,7424
602,24025301401,7512
602,24025301402,2398
602,24025301601,6420
602,24025301602,7899
602,24025301702,7884
602,24025301703,4804
602,24025301704,3599
601,24025302100,2137
601,24025302200,2535
602,24025302400,2663
602,24025302801,3687
602,24025302802,4551
602,24025302901,2628
602,24025302902,4549
601,24025303101,5976
601,24025303102,2783
601,24025303201,5859
601,24025303203,3479
601,24025303204,4584
601,24025303205,1482
601,24025303206,3474
601,24025303300,6096
601,24025303400,4207
601,24025303501,6490
601,24025303502,3680
601,24025303602,3799
601,24025303603,6710
601,24025303605,5936
601,24025303606,3363
601,24025303700,3815
601,24025303801,2615
601,24025303802,2034
601,24025303803,4981
601,24025303900,2372
601,24025304101,4382
601,24025304102,3708
601,24025304201,6220
601,24025304202,6802
601,24025305100,7432
601,24025305200,2734
601,24025305300,2208
602,24025306100,4025
602,24025306200,2166
602,24025306300,2373
602,24025306400,6013
602,24025306500,2216
902,24027601103,5763
902,24027601104,5761
902,24027601105,3992
902,24027601107,4214
902,24027601108,3746
902,24027601201,7544
902,24027601203,3893
902,24027601204,5229
901,24027602100,7852
901,24027602201,3282
901,24027602202,5306
902,24027602302,6842
901,24027602303,3736
901,24027602304,4729
901,24027602305,3667
901,24027602306,5220
902,24027602600,7113
902,24027602700,5014
902,24027602800,5813
902,24027602900,4123
901,24027603001,5401
901,24027603003,4186
901,24027603004,6199
901,24027604001,6275
901,24027604002,7624
901,24027605102,8211
901,24027605103,5075
901,24027605104,4316
901,24027605401,5149
901,24027605402,7055
901,24027605502,5182
901,24027605503,6262
901,24027605504,2737
901,24027605505,6169
901,24027605601,6075
901,24027605602,7610
902,24027606601,2875
902,24027606603,7696
902,24027606604,4037
902,24027606606,4744
902,24027606607,4530
902,24027606701,2603
902,24027606704,7072
902,24027606705,2011
902,24027606706,4798
902,24027606707,3755
902,24027606803,5523
902,24027606804,3202
902,24027606805,4145
902,24027606806,6441
902,24027606901,5549
902,24027606904,3977
902,24027606905,6644
902,24027606906,5615
902,24027606907,5503
1300,24029950100,3838
1300,24029950200,4844
1300,24029950300,5775
1300,24029950400,3117
1300,24029950500,2623
0,24029990000,0
1001,24031700101,4321
1001,24031700103,5864
1002,24031700104,5356
1002,24031700105,6528
1001,24031700204,2124
1001,24031700205,6312
1001,24031700206,5749
1001,24031700207,5638
1001,24031700208,2218
1002,24031700304,7692
1002,24031700306,7157
1002,24031700308,5720
1002,24031700309,5362
1002,24031700310,5267
1001,24031700311,6736
1001,24031700312,6126
1001,24031700400,2256
1001,24031700500,6295
1001,24031700604,6802
1003,24031700606,4327
1003,24031700607,8001
1001,24031700608,5968
1003,24031700610,2021
1001,24031700611,6352
1001,24031700613,6434
1001,24031700614,5341
1003,24031700615,3032
1003,24031700616,4497
1003,24031700704,2952
1003,24031700706,3447
1003,24031700710,6888
1003,24031700711,5912
1002,24031700713,5471
1002,24031700715,5969
1002,24031700716,7729
1003,24031700717,5877
1003,24031700718,4329
1003,24031700719,7590
1003,24031700720,3499
1002,24031700721,2621
1002,24031700722,4418
1003,24031700723,3387
1003,24031700724,3154
1002,24031700810,5142
1002,24031700811,4591
1002,24031700812,4177
1002,24031700813,5626
1002,24031700815,7546
1003,24031700816,7886
1003,24031700817,5197
1002,24031700818,6078
1002,24031700819,6651
1003,24031700820,2898
1003,24031700822,1568
1003,24031700823,3464
1003,24031700824,2736
1003,24031700826,5944
1003,24031700828,2468
1003,24031700829,3067
1002,24031700830,2520
1002,24031700832,2958
1002,24031700833,4251
1002,24031700834,4885
1002,24031700835,4616
1003,24031700901,4058
1003,24031700902,3759
1003,24031700903,1920
1003,24031700904,2578
1003,24031700905,3922
1003,24031701001,5421
1003,24031701002,3675
1003,24031701004,5055
1003,24031701005,3337
1003,24031701006,5549
1003,24031701007,3158
1003,24031701101,4636
1003,24031701102,6306
1004,24031701201,6012
1004,24031701202,2726
1004,24031701205,6370
1004,24031701206,6366
1003,24031701210,3948
1003,24031701211,6651
1001,24031701212,2714
1004,24031701213,5458
1004,24031701214,2793
1004,24031701215,4393
1004,24031701216,4157
1004,24031701218,2737
1004,24031701219,3121
1003,24031701220,3973
1003,24031701221,4553
1005,24031701303,3709
1001,24031701304,6038
1001,24031701306,3064
1001,24031701307,3576
1001,24031701308,3023
1001,24031701312,6080
1001,24031701313,3769
1001,24031701314,2854
1001,24031701315,4566
1001,24031701316,6317
1001,24031701317,4458
1006,24031701407,5674
1006,24031701408,6301
1006,24031701409,4361
1006,24031701410,7568
1006,24031701414,7465
1006,24031701415,7499
1006,24031701417,5596
1006,24031701418,3307
1006,24031701420,6907
1006,24031701421,1347
1006,24031701422,2570
1006,24031701423,4614
1006,24031701503,6949
1006,24031701505,6771
1006,24031701506,4986
1006,24031701507,4949
1006,24031701508,3687
1006,24031701509,6269
1007,24031701601,1938
1007,24031701602,6162
1007,24031701701,3400
1007,24031701702,2417
1007,24031701703,3154
1007,24031701704,2810
1007,24031701800,4947
1007,24031701900,3053
1007,24031702000,5400
1007,24031702101,5720
1007,24031702102,3197
1007,24031702200,4338
1007,24031702301,3720
1007,24031702302,4026
1007,24031702401,2516
1007,24031702402,4506
1007,24031702500,4987
1007,24031702601,3931
1007,24031702602,4482
1007,24031702700,6848
1007,24031702800,4620
1007,24031702900,5192
1007,24031703000,1755
1007,24031703100,4372
1005,24031703201,7356
1005,24031703202,5584
1005,24031703206,3442
1005,24031703207,5646
1006,24031703208,5301
1005,24031703209,5526
1006,24031703210,3282
1005,24031703212,7692
1005,24031703213,5887
1005,24031703214,6713
1005,24031703215,3074
1005,24031703216,3596
1005,24031703218,1899
1005,24031703219,3257
1006,24031703220,4975
1006,24031703221,5143
1005,24031703301,4765
1005,24031703302,4273
1005,24031703401,5569
1005,24031703402,3805
1005,24031703403,3683
1005,24031703404,3240
1005,24031703501,6640
1005,24031703502,2929
1005,24031703601,4640
1005,24031703602,2919
1005,24031703701,4175
1005,24031703702,4040
1005,24031703800,2943
1007,24031703901,2957
1005,24031703902,7185
1007,24031704000,6799
1005,24031704100,4661
1005,24031704200,2213
1005,24031704300,3835
1004,24031704401,3086
1004,24031704403,1510
1004,24031704404,5164
1004,24031704501,3592
1004,24031704502,2677
1004,24031704503,3931
1004,24031704600,5079
1004,24031704700,3858
1004,24031704803,3326
1004,24031704804,1508
1004,24031704805,1865
1004,24031704806,2780
1004,24031705000,4465
1004,24031705100,5090
1004,24031705200,3270
1004,24031705300,1895
1004,24031705400,2824
1004,24031705501,2493
1004,24031705502,3993
1004,24031705601,2835
1004,24031705602,3925
1004,24031705701,4614
1004,24031705702,4457
1004,24031705800,6003
1004,24031705901,4226
1004,24031705902,4164
1004,24031705903,4547
1004,24031706005,4579
1004,24031706007,7166
1004,24031706008,5330
1004,24031706009,5602
1004,24031706010,3026
1004,24031706011,5290
1004,24031706012,3130
1004,24031706013,2714
1102,24033800102,2763
1102,24033800103,2178
1102,24033800105,3465
1102,24033800106,2651
1102,24033800108,3559
1102,24033800109,3818
1102,24033800203,4252
1102,24033800206,3989
1102,24033800208,7641
1102,24033800209,4001
1102,24033800210,2882
1102,24033800211,2940
1102,24033800212,4199
1102,24033800213,4355
1102,24033800214,2690
1102,24033800215,2634
1105,24033800401,2532
1105,24033800402,4921
1105,24033800403,3683
1105,24033800408,6808
1105,24033800409,6362
1102,24033800410,6634
1102,24033800411,4252
1102,24033800412,3272
1102,24033800413,3714
1105,24033800504,4660
1105,24033800505,2676
1105,24033800507,2943
1105,24033800509,9339
1105,24033800511,5111
1105,24033800513,5416
1105,24033800514,4672
1105,24033800515,3843
1105,24033800516,3566
1105,24033800517,5387
1105,24033800518,3178
1105,24033800519,4191
1105,24033800520,1918
1105,24033800601,1934
1105,24033800604,1738
1105,24033800605,5049
1105,24033800606,4708
1105,24033800607,5882
1105,24033800608,3555
1105,24033800701,5394
1106,24033800704,4817
1106,24033800705,4213
1106,24033800706,3550
1106,24033800707,2840
1106,24033800800,3539
1106,24033800900,1698
1106,24033801003,3607
1106,24033801004,4141
1106,24033801005,3719
1106,24033801006,3888
1106,24033801104,2973
1106,24033801207,4432
1106,24033801208,3644
1106,24033801209,4361
1106,24033801210,4103
1106,24033801211,3188
1106,24033801212,3091
1106,24033801213,3825
1106,24033801214,3995
1106,24033801215,2386
1106,24033801216,3425
1106,24033801217,3636
1106,24033801302,2734
1106,24033801305,5569
1106,24033801307,3668
1106,24033801308,3580
1106,24033801309,3408
1106,24033801310,6143
1106,24033801311,5721
1106,24033801312,3757
1106,24033801313,3140
1107,24033801404,4812
1107,24033801405,4245
1107,24033801406,2768
1107,24033801407,6308
1107,24033801408,3411
1107,24033801409,2752
1107,24033801410,3519
1107,24033801411,3398
1107,24033801500,2506
1107,24033801600,2813
1107,24033801701,4195
1107,24033801702,3737
1107,24033801704,5467
1107,24033801706,1522
1107,24033801707,6175
1107,24033801708,3425
1107,24033801801,1966
1107,24033801802,3855
1107,24033801804,2022
1107,24033801805,2763
1107,24033801807,4685
1107,24033801808,3689
1107,24033801901,4909
1107,24033801904,3405
1107,24033801905,4696
1107,24033801906,1966
1107,24033801907,3528
1107,24033801908,3363
1107,24033802001,5702
1104,24033802002,3747
1104,24033802103,3079
1104,24033802104,2005
1104,24033802106,4508
1104,24033802107,3560
1105,24033802201,1872
1104,24033802203,4655
1104,24033802204,6376
1104,24033802301,3674
1104,24033802404,4540
1107,24033802405,4240
1104,24033802406,2440
1104,24033802407,3695
1104,24033802408,1783
1107,24033802501,3167
1104,24033802502,2406
1104,24033802600,3280
1104,24033802700,2754
1104,24033802803,5101
1104,24033802804,5466
1104,24033802805,4895
1104,24033802901,3962
1104,24033803001,2945
1104,24033803002,2723
1104,24033803100,2627
1104,24033803200,3027
1104,24033803300,4337
1104,24033803401,1323
1104,24033803402,4631
1104,24033803508,4938
1104,24033803509,3079
1105,24033803512,6239
1105,24033803513,4470
1105,24033803514,4381
1105,24033803516,4446
1104,24033803519,3825
1105,24033803520,4305
1105,24033803521,4655
1105,24033803522,3727
1105,24033803523,3625
1104,24033803524,3295
1104,24033803525,2404
1105,24033803526,3482
1105,24033803527,3084
1105,24033803601,3491
1104,24033803602,1866
1103,24033803605,6763
1102,24033803606,5500
1105,24033803607,3405
1105,24033803608,5776
1103,24033803610,3283
1103,24033803612,3144
1103,24033803613,5074
1103,24033803700,2545
1103,24033803801,2609
1103,24033803803,5003
1103,24033803900,3593
1103,24033804001,5137
1103,24033804002,3992
1103,24033804101,3238
1103,24033804102,5974
1103,24033804200,3094
1103,24033804300,3452
1103,24033804400,2709
1103,24033804600,3002
1103,24033804700,3583
1103,24033804801,2376
1103,24033804802,2677
1103,24033804900,3879
1101,24033805000,5223
1101,24033805101,3664
1101,24033805201,4270
1101,24033805202,3820
1101,24033805500,3628
1101,24033805601,6201
1101,24033805602,4918
1101,24033805700,6143
1101,24033805801,4401
1101,24033805802,4175
1101,24033805904,3366
1101,24033805906,2820
1101,24033805907,3600
1101,24033805908,2123
1101,24033805909,4261
1101,24033806000,5071
1103,24033806100,4380
1103,24033806200,4012
1103,24033806300,2108
1101,24033806400,3411
1103,24033806501,5151
1103,24033806601,4636
1103,24033806602,4578
1103,24033806706,3755
1102,24033806708,4232
1102,24033806710,5332
1102,24033806711,5146
1102,24033806712,3053
1101,24033806713,3698
1101,24033806714,3623
1101,24033806800,3914
1101,24033806900,4134
1101,24033807000,4906
1103,24033807102,2613
1101,24033807200,15934
1101,24033807301,3289
1102,24033807304,1928
1101,24033807305,3676
1102,24033807404,4977
1102,24033807405,5858
1102,24033807407,6260
1102,24033807408,5729
1102,24033807409,3764
1102,24033807410,3953
1300,24035810100,3089
1300,24035810200,2636
1300,24035810300,4546
1300,24035810400,6053
1300,24035810500,4468
1300,24035810600,4910
1300,24035810700,3939
1300,24035810800,5824
1300,24035810901,4927
1300,24035810902,2945
1300,24035811000,4461
0,24035990000,0
0,24035990100,0
1300,24035990200,0
1500,24037875000,6101
1500,24037875100,5171
1500,24037875201,5135
1500,24037875202,5896
1500,24037875300,3266
1500,24037875400,7037
1500,24037875500,8631
1500,24037875600,8333
1500,24037875700,7470
1500,24037875801,1014
1500,24037875802,4073
1500,24037875901,7280
1500,24037875902,7638
1500,24037876001,4713
1500,24037876002,8714
1500,24037876100,7560
1500,24037876200,7119
0,24037990000,0
1400,24039930101,7472
1400,24039930102,3759
1400,24039930200,1817
1400,24039930300,2539
1400,24039930500,4396
1400,24039930600,3053
1400,24039980400,3434
0,24039990100,0
1300,24041960100,4495
1300,24041960201,4104
1300,24041960300,3371
1300,24041960400,5590
1300,24041960501,4752
1300,24041960502,3833
1300,24041960600,1788
1300,24041960700,3635
1300,24041960800,1920
1300,24041960900,4294
0,24041990000,0
200,24043000100,3168
200,24043000200,3974
200,24043000301,3415
200,24043000302,2742
200,24043000400,2189
200,24043000500,5500
200,24043000601,2410
200,24043000602,3104
200,24043000700,3158
200,24043000800,3466
200,24043000900,3625
200,24043001001,4941
200,24043001002,4024
200,24043010100,1388
200,24043010200,4423
200,24043010300,7454
200,24043010400,7675
200,24043010500,6152
200,24043010600,5033
200,24043010700,3447
200,24043010801,4516
200,24043010802,2506
200,24043010900,8188
200,24043011000,6164
200,24043011100,5926
200,24043011201,8935
200,24043011202,4200
200,24043011301,5195
200,24043011302,3909
200,24043011400,5701
200,24043011500,8006
200,24043011600,2896
1400,24045000100,5630
1400,24045000200,1897
1400,24045000300,1323
1400,24045000400,4095
1400,24045000500,2961
1400,24045010101,6150
1400,24045010102,3226
1400,24045010200,6142
1400,24045010300,7795
1400,24045010400,6987
1400,24045010501,4501
1400,24045010502,8875
1400,24045010603,7143
1400,24045010604,5065
1400,24045010605,4162
1400,24045010606,4200
1400,24045010701,3800
1400,24045010702,8671
1400,24045010800,6110
1400,24047950000,2080
1400,24047950100,1728
1400,24047950300,3294
1400,24047950400,2975
1400,24047950600,3060
1400,24047950700,2389
1400,24047950800,5495
1400,24047950900,2017
1400,24047951000,4402
1400,24047951100,6520
1400,24047951200,3091
1400,24047951300,2816
1400,24047951400,3355
1400,24047951500,4951
1400,24047951700,3281
1400,24047980000,0
0,24047990000,0
804,24510010100,3022
804,24510010200,3009
804,24510010300,2208
804,24510010400,2870
804,24510010500,1724
804,24510020100,1884
804,24510020200,2087
804,24510020300,3344
804,24510030100,3065
804,24510030200,2342
804,24510040100,4006
804,24510040200,838
804,24510060100,3222
804,24510060200,3265
804,24510060300,1800
804,24510060400,1183
804,24510070100,2957
804,24510070200,3782
804,24510070300,1042
804,24510070400,1241
803,24510080101,3881
803,24510080102,2508
804,24510080200,1585
804,24510080301,2084
804,24510080302,2937
804,24510080400,1564
803,24510080500,1704
804,24510080600,2469
804,24510080700,1137
804,24510080800,1281
802,24510090100,4251
803,24510090200,3243
802,24510090300,4203
802,24510090400,1586
802,24510090500,1964
803,24510090600,3402
803,24510090700,3149
802,24510090800,3073
804,24510090900,2452
804,24510100100,2126
804,24510100200,2767
804,24510100300,5237
804,24510110100,3223
804,24510110200,5072
802,24510120100,4790
802,24510120201,2033
802,24510120202,6224
802,24510120300,3552
802,24510120400,1313
804,24510120500,1751
802,24510120600,3269
802,24510120700,2476
802,24510130100,2613
802,24510130200,2775
802,24510130300,2269
802,24510130400,2011
802,24510130600,3586
802,24510130700,5192
802,24510130803,2748
802,24510130804,1955
801,24510130805,985
801,24510130806,1431
802,24510140100,4974
802,24510140200,2853
802,24510140300,2333
801,24510150100,3211
801,24510150200,2699
801,24510150300,2478
801,24510150400,3724
801,24510150500,1543
801,24510150600,3412
801,24510150701,1696
801,24510150702,2359
801,24510150800,4223
801,24510150900,3344
801,24510151000,5214
801,24510151100,6572
801,24510151200,4215
801,24510151300,4546
801,24510160100,2388
801,24510160200,2515
801,24510160300,1558
801,24510160400,2525
801,24510160500,4245
801,24510160600,3509
801,24510160700,5615
805,24510160801,3281
805,24510160802,3045
804,24510170100,1602
802,24510170200,3145
802,24510170300,2011
805,24510180100,2200
805,24510180200,977
805,24510180300,1909
805,24510190100,1895
805,24510190200,1920
805,24510190300,2586
805,24510200100,1846
805,24510200200,2969
805,24510200300,1836
805,24510200400,1691
805,24510200500,3142
805,24510200600,2713
805,24510200701,4619
805,24510200702,1426
805,24510200800,2282
805,24510210100,2130
805,24510210200,3373
804,24510220100,4025
805,24510230100,1953
805,24510230200,2172
805,24510230300,1136
805,24510240100,2699
805,24510240200,2564
805,24510240300,2141
805,24510240400,2571
805,24510250101,3626
805,24510250102,2910
805,24510250103,4050
805,24510250203,2018
805,24510250204,4125
805,24510250205,4689
805,24510250206,2590
805,24510250207,2059
805,24510250301,2430
805,24510250303,2324
805,24510250401,3823
805,24510250402,4930
805,24510250500,5468
805,24510250600,22
803,24510260101,4763
803,24510260102,4911
803,24510260201,5116
803,24510260202,5937
804,24510260203,2830
803,24510260301,4933
803,24510260302,6094
804,24510260303,778
804,24510260401,3230
804,24510260402,2648
804,24510260403,1575
804,24510260404,1996
804,24510260501,4875
804,24510260604,1465
804,24510260605,4795
804,24510260700,2260
804,24510260800,2647
804,24510260900,2652
804,24510261000,3253
804,24510261100,1951
803,24510270101,1698
803,24510270102,3749
803,24510270200,1914
803,24510270301,3148
803,24510270302,1764
803,24510270401,5412
803,24510270402,3229
803,24510270501,4420
803,24510270502,4361
803,24510270600,4605
803,24510270701,2583
803,24510270702,2333
803,24510270703,2898
803,24510270801,4051
803,24510270802,4992
803,24510270803,6268
802,24510270804,2804
802,24510270805,4952
803,24510270901,4043
803,24510270902,4754
803,24510270903,4603
802,24510271001,2298
802,24510271002,4132
802,24510271101,2046
802,24510271102,4525
802,24510271200,6103
802,24510271300,2791
802,24510271400,3730
801,24510271501,4183
802,24510271503,856
801,24510271600,4523
801,24510271700,5648
801,24510271801,3175
801,24510271802,2993
801,24510271900,3773
801,24510272003,5817
801,24510272004,3788
801,24510272005,3429
801,24510272006,3548
801,24510272007,4367
801,24510280101,3226
801,24510280102,6045
801,24510280200,4828
801,24510280301,4101
801,24510280302,2282
805,24510280401,3565
805,24510280402,1574
805,24510280403,5073
805,24510280404,2267
804,24510280500,3549
